{
  "ball": { "tx": -0.372000, "ty": -0.615982, "rotation": 0.000000, "sx": 1.000000, "sy": 1.000000 },
  "hole": { "tx": 0.000000, "ty": 0.650000, "rotation": 0.000000, "sx": 1.000000, "sy": 1.000000 },
  "bridgeOpen": true,
  "triangles": [
    { "tx": -0.268000, "ty": -0.386000, "rotation": 0.000000, "sx": 1.000000, "sy": 1.000000 },
    { "tx": 0.200000, "ty": -0.350000, "rotation": 0.000000, "sx": 1.000000, "sy": 1.000000 },
    { "tx": -0.015000, "ty": -0.462000, "rotation": 0.000000, "sx": 1.871743, "sy": 1.871743 }
  ],
  "rects": [
    { "tx": -0.250000, "ty": 0.350000, "rotation": 0.000000, "sx": 1.000000, "sy": 1.000000 },
    { "tx": 0.250000, "ty": 0.350000, "rotation": 0.000000, "sx": 1.000000, "sy": 1.000000 }
  ]
}
