{
  "ball": { "tx": 0.000000, "ty": -0.650000, "rotation": 0.000000, "sx": 1.000000, "sy": 1.000000 },
  "hole": { "tx": 0.000000, "ty": 0.650000, "rotation": 0.000000, "sx": 1.000000, "sy": 1.000000 },
  "bridgeOpen": true,
  "triangles": [
    { "tx": -0.311000, "ty": -0.197000, "rotation": -1.040000, "sx": 3.718953, "sy": 3.718953 },
    { "tx": 0.200000, "ty": -0.350000, "rotation": 0.000000, "sx": 1.000000, "sy": 1.000000 }
  ],
  "rects": [
    { "tx": -0.250000, "ty": 0.350000, "rotation": 0.000000, "sx": 1.000000, "sy": 1.000000 },
    { "tx": 0.250000, "ty": 0.350000, "rotation": 0.000000, "sx": 1.000000, "sy": 1.000000 }
  ]
}
