{
  "ball": { "tx": 0.000000, "ty": -0.650000, "rotation": 0.000000, "sx": 1.000000, "sy": 1.000000 },
  "hole": { "tx": 0.000000, "ty": 0.650000, "rotation": 0.000000, "sx": 1.000000, "sy": 1.000000 },
  "obs1a": { "tx": -0.404000, "ty": -0.392000, "rotation": -1.559999, "sx": 3.235352, "sy": 3.235352 },
  "obs1b": { "tx": 0.419000, "ty": -0.323000, "rotation": 1.579999, "sx": 3.434390, "sy": 3.434390 },
  "obs2a": { "tx": -0.205000, "ty": 0.260000, "rotation": 0.960000, "sx": 1.000000, "sy": 1.000000 },
  "obs2b": { "tx": 0.121000, "ty": 0.473000, "rotation": 1.060000, "sx": 1.000000, "sy": 1.000000 },
  "bridgeOpen": true
}
